state,sex,ppd_baseline,ppd_2050_target,required_aari,observed_aari_2010_2019,implied_ppd_2050,implied_reduction_2050,performance_group
West Virginia,Female,0.271429468053639,0.13571473402682,0.0260044847070386,-0.00742785652699707,0.331956186195156,-0.222992435477031,Low or worsening
Mississippi,Female,0.26178089155603,0.130890445778015,0.0260044847070386,-0.00234135754678777,0.278884756676299,-0.0653365683744249,Low or worsening
Kentucky,Female,0.248746069408967,0.124373034704483,0.0260044847070386,-0.00343190128650139,0.272940350856699,-0.0972649799259912,Low or worsening
Arkansas,Female,0.245535667768581,0.12276783388429,0.0260044847070386,-0.00475686563978828,0.279271392581953,-0.137396432542614,Low or worsening
Oklahoma,Female,0.24432823710938,0.12216411855469,0.0260044847070386,0.0016456615614846,0.233718222834955,0.043425247936755,Low or worsening
Alabama,Female,0.241474665721287,0.120737332860643,0.0260044847070386,0.000721506249117043,0.236817764536045,0.0192852578192053,Low or worsening
Tennessee,Female,0.236686280468473,0.118343140234237,0.0260044847070386,-0.00502960754156256,0.271205711261241,-0.145844662920234,Low or worsening
Louisiana,Female,0.232209762089652,0.116104881044826,0.0260044847070386,-0.000896646753188124,0.237902620553637,-0.024516016952755,Low or worsening
District of Columbia,Female,0.215532760989445,0.107766380494722,0.0260044847070386,0.00139663323070915,0.207562008736002,0.0369816273723383,Low or worsening
South Carolina,Female,0.213352996480497,0.106676498240249,0.0260044847070386,-0.00178936071665514,0.223923409134945,-0.0495442427752055,Low or worsening
Alaska,Female,0.213074006336753,0.106537003168376,0.0260044847070386,-0.00328476082893936,0.232868536993199,-0.0928997910010769,Low or worsening
New Mexico,Female,0.212224052736832,0.106112026368416,0.0260044847070386,-0.0106702408323767,0.283521263260397,-0.335952544511893,Low or worsening
Missouri,Female,0.206107925688865,0.103053962844433,0.0260044847070386,-0.00203419381264325,0.217756858805865,-0.0565186082877009,Low or worsening
Indiana,Female,0.205906030659394,0.102953015329697,0.0260044847070386,-0.00250069225508809,0.220307248581332,-0.0699407291560115,Low or worsening
North Carolina,Female,0.202540851963993,0.101270425981996,0.0260044847070386,-0.000507679106755532,0.205336977201365,-0.0138052408205984,Low or worsening
Ohio,Female,0.201613805452331,0.100806902726165,0.0260044847070386,-0.00384542208691463,0.223716707107728,-0.109629901612184,Low or worsening
Georgia,Female,0.200923779309202,0.100461889654601,0.0260044847070386,0.00189087707861257,0.190932536757655,0.0497265310552031,Low or worsening
Wyoming,Female,0.192211624168779,0.0961058120843897,0.0260044847070386,-0.00116664401397526,0.198366186865493,-0.032019721613245,Low or worsening
Kansas,Female,0.190104037553236,0.0950520187766178,0.0260044847070386,-0.00273784111313657,0.204710047697725,-0.0768316671885472,Low or worsening
South Dakota,Female,0.18748519907512,0.0937425995375598,0.0260044847070386,-0.00165185432536419,0.196043553805076,-0.0456481619465179,Low or worsening
Michigan,Female,0.186272806929124,0.0931364034645621,0.0260044847070386,0.00149228057238782,0.17892214389439,0.0394618149364745,Low or worsening
Nevada,Female,0.183605786423849,0.0918028932119244,0.0260044847070386,0.00271498969023143,0.170645038970199,0.0705900816422524,Low or worsening
Delaware,Female,0.1828392460902,0.0914196230450998,0.0260044847070386,0.0042456307236971,0.163076262035675,0.108089398075812,Low or worsening
Montana,Female,0.182110847637796,0.0910554238188977,0.0260044847070386,0.00339384766686512,0.16619084761938,0.0874192846001068,Low or worsening
Maine,Female,0.180009790031884,0.0900048950159422,0.0260044847070386,0.00216711932241798,0.169789991082068,0.0567735729707037,Low or worsening
Arizona,Female,0.179039676875941,0.0895198384379703,0.0260044847070386,-0.0046511413145679,0.203055879796353,-0.134138998346459,Low or worsening
Texas,Female,0.178320198759344,0.0891600993796718,0.0260044847070386,0.00366774589641272,0.161536775451519,0.0941195861410784,Low or worsening
Virginia,Female,0.174730580732716,0.087365290366358,0.0260044847070386,-0.000113785961499135,0.175268247768385,-0.00307712040682362,Low or worsening
Pennsylvania,Female,0.174052457981033,0.0870262289905165,0.0260044847070386,0.00287088674369618,0.161088491191922,0.0744831008966493,Low or worsening
North Dakota,Female,0.171861461567448,0.0859307307837238,0.0260044847070386,-0.00289826210349176,0.185871465958336,-0.0815191740085932,Low or worsening
Florida,Female,0.170953981642965,0.0854769908214826,0.0260044847070386,-1.66923705330335e-05,0.171031047586002,-0.000450799345507624,Low or worsening
Oregon,Female,0.170897121805887,0.0854485609029436,0.0260044847070386,0.00536674955459149,0.147901565133958,0.134557893245555,Low or worsening
Iowa,Female,0.170697586947522,0.0853487934737608,0.0260044847070386,9.76718559559941e-05,0.170248048455943,0.00263353747183726,Low or worsening
Nebraska,Female,0.165339397697381,0.0826696988486905,0.0260044847070386,0.000898123221364955,0.161380006541435,0.0239470520099094,Low or worsening
Maryland,Female,0.165310612544032,0.0826553062720159,0.0260044847070386,0.00137956744628598,0.159270426501834,0.0365384045781603,Low or worsening
Illinois,Female,0.164409317940464,0.0822046589702318,0.0260044847070386,0.00347621218626948,0.149704625299081,0.0894395331456078,Low or worsening
Wisconsin,Female,0.162692777753704,0.0813463888768517,0.0260044847070386,-0.000389042102104664,0.164411067981366,-0.0105615642647845,Low or worsening
Washington,Female,0.16107220476445,0.0805361023822249,0.0260044847070386,0.00300847547799887,0.148523893800106,0.0779048811226865,Low or worsening
Idaho,Female,0.159974377045635,0.0799871885228177,0.0260044847070386,0.00775665794366631,0.129851560546436,0.188297757775339,Low or worsening
Vermont,Female,0.156146025761993,0.0780730128809966,0.0260044847070386,-0.00219558528165464,0.165693154015176,-0.0611423070590069,Low or worsening
New Hampshire,Female,0.152346886944815,0.0761734434724075,0.0260044847070386,0.0031121798011049,0.14008672607918,0.0804752962892913,Low or worsening
Rhode Island,Female,0.151585572877546,0.0757927864387731,0.0260044847070386,0.00927479171399992,0.118141739938629,0.220626754275185,Low or worsening
Colorado,Female,0.151494194740881,0.0757470973704407,0.0260044847070386,0.00253878894469617,0.141469885447308,0.0661695935657443,Low or worsening
Utah,Female,0.146917054739723,0.0734585273698616,0.0260044847070386,0.00187005888085912,0.139689728286576,0.0491932435342554,Low or worsening
Minnesota,Female,0.145161503281336,0.0725807516406681,0.0260044847070386,0.00126247276363323,0.140299815548888,0.0334915774675163,Low or worsening
Hawaii,Female,0.141997697875705,0.0709988489378525,0.0260044847070386,0.00398750527014058,0.127531358935427,0.101877277988978,Low or worsening
New York,Female,0.139850377454542,0.0699251887272712,0.0260044847070386,0.0108934890677832,0.104380136408637,0.253629927151502,Medium progress
California,Female,0.139352773498527,0.0696763867492634,0.0260044847070386,0.00771058495080434,0.113252674303228,0.18729515416193,Low or worsening
Connecticut,Female,0.137347287126487,0.0686736435632434,0.0260044847070386,0.00280846736298068,0.127331041891896,0.0729264148141978,Low or worsening
New Jersey,Female,0.135693042508962,0.0678465212544808,0.0260044847070386,0.0077892407481317,0.110046240016006,0.18900602432333,Low or worsening
Massachusetts,Female,0.134617481067965,0.0673087405339826,0.0260044847070386,0.00704472152344637,0.111374305625034,0.172660900044594,Low or worsening
Mississippi,Male,0.390719348035948,0.195359674017974,0.0260044847070386,-0.0054944091269199,0.4533877016109,-0.160392245456928,Low or worsening
West Virginia,Male,0.387555505623687,0.193777752811843,0.0260044847070386,-0.00712518486421987,0.470091668376904,-0.212966043716483,Low or worsening
Louisiana,Male,0.371325210776308,0.185662605388154,0.0260044847070386,-0.00120462020895418,0.383608541298309,-0.0330797106297203,Low or worsening
Alabama,Male,0.370628518310752,0.185314259155376,0.0260044847070386,0.000460610641058734,0.366048792962485,0.0123566458650836,Low or worsening
Kentucky,Male,0.364150614108802,0.182075307054401,0.0260044847070386,-0.00556312232989831,0.423346595590708,-0.16255905987356,Low or worsening
Arkansas,Male,0.362043948522874,0.181021974261437,0.0260044847070386,-0.00017471878783859,0.363756041995849,-0.00472896586163296,Low or worsening
Tennessee,Male,0.360973105038766,0.180486552519383,0.0260044847070386,-0.00530444892163495,0.416715933779323,-0.154423772747752,Low or worsening
New Mexico,Male,0.360748370033672,0.180374185016836,0.0260044847070386,-0.0103848359321227,0.478203949121096,-0.325588661915398,Low or worsening
Oklahoma,Male,0.356175193095022,0.178087596547511,0.0260044847070386,0.000442797855406907,0.3519432106865,0.0118817438456278,Low or worsening
South Carolina,Male,0.341329483354953,0.170664741677477,0.0260044847070386,-0.00209084002036564,0.361174065252422,-0.0581390792919936,Low or worsening
District of Columbia,Male,0.335961667773268,0.167980833886634,0.0260044847070386,-0.00467033315958731,0.381225646162467,-0.134729591888281,Low or worsening
Missouri,Male,0.322786516052096,0.161393258026048,0.0260044847070386,-0.00559008785644599,0.375533235476324,-0.163410541646404,Low or worsening
Alaska,Male,0.320817991676777,0.160408995838388,0.0260044847070386,0.000233191742940786,0.31880464438201,0.00627566828232928,Low or worsening
North Carolina,Male,0.316235351460362,0.158117675730181,0.0260044847070386,-0.00190936399160435,0.332982130555107,-0.0529566951240885,Low or worsening
Indiana,Male,0.312106355411251,0.156053177705625,0.0260044847070386,-0.00319935729580834,0.340312781176305,-0.0903744037121186,Low or worsening
Ohio,Male,0.310461184230179,0.155230592115089,0.0260044847070386,-0.00490060334907316,0.354497201392964,-0.141840653194624,Low or worsening
Georgia,Male,0.306267008875945,0.153133504437972,0.0260044847070386,0.00120267398128338,0.296487367786519,0.0319317484613134,Low or worsening
Nevada,Male,0.299111390708512,0.149555695354256,0.0260044847070386,0.00113658378949189,0.290076799063067,0.0302047729578083,Low or worsening
Arizona,Male,0.295224532879157,0.147612266439579,0.0260044847070386,-0.00657761098478993,0.352806004233161,-0.195042975569965,Low or worsening
Delaware,Male,0.294925129598663,0.147462564799332,0.0260044847070386,-0.000515122514013977,0.299056768779318,-0.0140091120287964,Low or worsening
Michigan,Male,0.284757802593684,0.142378901296842,0.0260044847070386,0.000571528359786244,0.280398595384272,0.015308473269937,Low or worsening
Maine,Male,0.28383878347565,0.141919391737825,0.0260044847070386,-0.00563284382612361,0.330604617513081,-0.164761959112058,Low or worsening
Kansas,Male,0.282714073117881,0.14135703655894,0.0260044847070386,-0.00052900485242946,0.286782174818178,-0.0143894559454816,Low or worsening
Wyoming,Male,0.279948137005386,0.139974068502693,0.0260044847070386,-0.00138710262539443,0.290639053321534,-0.038188917527757,Low or worsening
Oregon,Male,0.279396695163327,0.139698347581664,0.0260044847070386,0.00144479403792452,0.268714998436171,0.0382312923240267,Low or worsening
Texas,Male,0.27780658562632,0.13890329281316,0.0260044847070386,0.001004182604885,0.270379305986613,0.0267354340177415,Low or worsening
Florida,Male,0.27681968421999,0.138409842109995,0.0260044847070386,-9.82726743681273e-05,0.277555198611089,-0.00265701622040293,Low or worsening
Pennsylvania,Male,0.272611575908322,0.136305787954161,0.0260044847070386,0.00226877784770685,0.25643119054156,0.0593532586165868,Low or worsening
Illinois,Male,0.269570356468104,0.134785178234052,0.0260044847070386,-9.30513354391316e-05,0.270248504352726,-0.00251566193519071,Low or worsening
Maryland,Male,0.268649332186699,0.13432466609335,0.0260044847070386,-0.0040084398984348,0.299421506825591,-0.114544020595242,Low or worsening
Virginia,Male,0.266897425567473,0.133448712783736,0.0260044847070386,-0.00103748599527764,0.274483479098508,-0.028423104924695,Low or worsening
North Dakota,Male,0.265532559662506,0.132766279831253,0.0260044847070386,-0.001925070286945,0.279713107009025,-0.0534041752338863,Low or worsening
Montana,Male,0.264628233043354,0.132314116521677,0.0260044847070386,-0.000919470219545082,0.271283137422381,-0.0251481268740401,Low or worsening
Vermont,Male,0.261068540810076,0.130534270405038,0.0260044847070386,-0.00370724677449141,0.288606637122422,-0.105482247025618,Low or worsening
Iowa,Male,0.260936897962998,0.130468448981499,0.0260044847070386,-0.00339104041671712,0.286000136908858,-0.0960509576894508,Low or worsening
Washington,Male,0.258231191778827,0.129115595889413,0.0260044847070386,0.000789457016879824,0.252787280297387,0.0210815410947816,Low or worsening
Hawaii,Male,0.256446912200783,0.128223456100392,0.0260044847070386,0.00227044157320444,0.241215141067884,0.0593954163931371,Low or worsening
South Dakota,Male,0.256363691863319,0.128181845931659,0.0260044847070386,-0.00234054047215804,0.273107576510968,-0.0653130110818361,Low or worsening
Wisconsin,Male,0.251208726926482,0.125604363463241,0.0260044847070386,-0.00137835712104595,0.260740455458163,-0.0379434609947671,Low or worsening
Nebraska,Male,0.250964778149545,0.125482389074773,0.0260044847070386,0.000904469824091203,0.244912977891394,0.0241141418440207,Low or worsening
Colorado,Male,0.248805095468146,0.124402547734073,0.0260044847070386,-0.00363839929659049,0.27453692489619,-0.103421633627027,Low or worsening
New Hampshire,Male,0.243298969977445,0.121649484988723,0.0260044847070386,-0.00543373874193986,0.281857607805533,-0.158482536246096,Low or worsening
Idaho,Male,0.24210777143143,0.121053885715715,0.0260044847070386,0.00585596462182547,0.20679605491511,0.145851231075915,Low or worsening
Rhode Island,Male,0.240101661120945,0.120050830560473,0.0260044847070386,0.00413001212854858,0.214815975055565,0.10531241619625,Low or worsening
California,Male,0.238690725572559,0.119345362786279,0.0260044847070386,0.00158328139440966,0.228709785334921,0.0418153667835062,Low or worsening
Connecticut,Male,0.231232532209409,0.115616266104705,0.0260044847070386,-0.00577059614457409,0.270340213833514,-0.169127074163974,Low or worsening
New York,Male,0.230046741378726,0.115023370689363,0.0260044847070386,0.00692243297925388,0.190951748825758,0.169943691958694,Low or worsening
Utah,Male,0.223574729708544,0.111787364854272,0.0260044847070386,0.00475946123829263,0.196673522410074,0.120323112247698,Low or worsening
Minnesota,Male,0.223096262642284,0.111548131321142,0.0260044847070386,0.000965276592090003,0.217359671115102,0.0257135258979236,Low or worsening
Massachusetts,Male,0.219725556314458,0.109862778157229,0.0260044847070386,0.00121659864147228,0.212629475293584,0.0322952010676368,Low or worsening
New Jersey,Male,0.218710624646207,0.109355312323103,0.0260044847070386,0.00256577033667171,0.204090276842508,0.0668479084056823,Low or worsening
