state,sex,year_start,year_end,ppd_start,ppd_end,aari
Alabama,Male,1990,2019,0.407917913077745,0.346205878344167,0.00567231453261696
Alabama,Female,1990,2019,0.236241239910882,0.225621181275907,0.00158733027344238
Alaska,Male,1990,2019,0.349223696466021,0.263588233284515,0.00974805116601818
Alaska,Female,1990,2019,0.214018984738895,0.183450826594044,0.00532856270349402
Arizona,Male,1990,2019,0.337421855888662,0.275340457080995,0.00703586335830231
Arizona,Female,1990,2019,0.199249118928605,0.168524395123387,0.00579172057675326
Arkansas,Male,1990,2019,0.388348159064671,0.339627991792501,0.0046331613526156
Arkansas,Female,1990,2019,0.226675811428868,0.230269296031297,-0.000542219259524024
California,Male,1990,2019,0.336772936913157,0.222946657285302,0.0143249564630017
California,Female,1990,2019,0.204693392955001,0.135516550904603,0.0143229644691618
Colorado,Male,1990,2019,0.299538463557737,0.232123973334303,0.00883087580738939
Colorado,Female,1990,2019,0.185250184559302,0.145106221715235,0.00845767688049093
Connecticut,Male,1990,2019,0.309917772003261,0.230598595436452,0.0102462226985713
Connecticut,Female,1990,2019,0.189703268305955,0.136044939744421,0.011530655332727
Delaware,Male,1990,2019,0.358238150014393,0.277471743405802,0.00884853564576726
Delaware,Female,1990,2019,0.230610563833042,0.171572396364132,0.0102495881980496
District of Columbia,Male,1990,2019,0.569222292727471,0.342086370670989,0.0177139524892251
District of Columbia,Female,1990,2019,0.325268708256845,0.219722007857039,0.0136190956333528
Florida,Male,1990,2019,0.35294590875532,0.272622928229042,0.00894407815205955
Florida,Female,1990,2019,0.200515608373017,0.167356798355062,0.00625270986228488
Georgia,Male,1990,2019,0.407011504545634,0.292967061729861,0.0114017956236401
Georgia,Female,1990,2019,0.23842682576976,0.19281754302759,0.00734817958837608
Hawaii,Male,1990,2019,0.280017808155251,0.231178957555819,0.00663089051610677
Hawaii,Female,1990,2019,0.167285045153639,0.13023798709783,0.00866963331796677
Idaho,Male,1990,2019,0.297303263041012,0.225916302889501,0.00951352431660868
Idaho,Female,1990,2019,0.186617783768758,0.150029134122245,0.00755366487648312
Illinois,Male,1990,2019,0.365099377440426,0.259533904327146,0.0118378725050576
Illinois,Female,1990,2019,0.222575356926804,0.164123196359839,0.0105604891544739
Indiana,Male,1990,2019,0.352279605216478,0.301225624936194,0.00541341451119437
Indiana,Female,1990,2019,0.213936874735439,0.19945735728232,0.00241949219346993
Iowa,Male,1990,2019,0.302576822956689,0.252797200763497,0.00621744221030229
Iowa,Female,1990,2019,0.177650250999106,0.161067540837939,0.00338478272584064
Kansas,Male,1990,2019,0.317077635327785,0.271049229258272,0.00542314152740886
Kansas,Female,1990,2019,0.191722261540508,0.181008156716989,0.00198492167464903
Kentucky,Male,1990,2019,0.389361444031176,0.347575533640315,0.00392236447990468
Kentucky,Female,1990,2019,0.232257656460205,0.232677643425689,-6.22962463627808e-05
Louisiana,Male,1990,2019,0.420898488843901,0.344039068400974,0.00697720959981596
Louisiana,Female,1990,2019,0.254708237259988,0.224400186263217,0.00437809801724365
Maine,Male,1990,2019,0.33052491406423,0.261585272610792,0.00809888613717336
Maine,Female,1990,2019,0.199272022175136,0.155858289177808,0.00850922855660841
Maryland,Male,1990,2019,0.365158120484144,0.267499681268741,0.0107892399985419
Maryland,Female,1990,2019,0.225515081502666,0.166663815491139,0.0104824333574407
Massachusetts,Male,1990,2019,0.325273930996695,0.221689740317173,0.0133080799118865
Massachusetts,Female,1990,2019,0.195308023371005,0.132992045064847,0.0133395191821799
Michigan,Male,1990,2019,0.354489169821008,0.277154608310675,0.00852239652127329
Michigan,Female,1990,2019,0.224376351601779,0.184101471679026,0.00684531246561781
Minnesota,Male,1990,2019,0.287827001679441,0.211013598642726,0.0107622257738063
Minnesota,Female,1990,2019,0.173286885886854,0.137490127735016,0.00801110491549717
Mississippi,Male,1990,2019,0.426531713811216,0.379753976647563,0.00401365769425444
Mississippi,Female,1990,2019,0.249156260433785,0.245272686979958,0.000541858886562219
Missouri,Male,1990,2019,0.360679438903081,0.310338819112108,0.00519707603443775
Missouri,Female,1990,2019,0.21427470564342,0.199419200070803,0.00248064831320294
Montana,Male,1990,2019,0.312749872900066,0.259118018804551,0.00650798598951297
Montana,Female,1990,2019,0.19950040199982,0.167547256915082,0.00603714395426147
Nebraska,Male,1990,2019,0.313355117551997,0.240079310356491,0.00922740829371582
Nebraska,Female,1990,2019,0.188544683413271,0.15829874757523,0.00604755690501779
Nevada,Male,1990,2019,0.371201845643036,0.280697633244758,0.00968340858813632
Nevada,Female,1990,2019,0.231642743463134,0.18119023076621,0.00850662600323471
New Hampshire,Male,1990,2019,0.314115222714088,0.230798718344649,0.0106847436175317
New Hampshire,Female,1990,2019,0.194885508768625,0.139456347364726,0.0116068643516667
New Jersey,Male,1990,2019,0.345365568604639,0.228628933576808,0.0143258929839687
New Jersey,Female,1990,2019,0.21597176020512,0.141533259384041,0.0146795611544013
New Mexico,Male,1990,2019,0.331614870131168,0.311405566393344,0.00217056369137847
New Mexico,Female,1990,2019,0.201504868785961,0.193873564455726,0.00133217368776939
New York,Male,1990,2019,0.374386483732658,0.2214481091519,0.0182718326418621
New York,Female,1990,2019,0.222046521661598,0.13746615272938,0.0166722560886039
North Carolina,Male,1990,2019,0.386666545962887,0.291556687670709,0.00978299983600839
North Carolina,Female,1990,2019,0.221929965064558,0.185545482923585,0.00619364719541093
North Dakota,Male,1990,2019,0.299647076429416,0.249160935094849,0.00638257051453506
North Dakota,Female,1990,2019,0.171235041219711,0.15741830748526,0.00290526321455831
Ohio,Male,1990,2019,0.352305277150227,0.30177764846184,0.00535246600344341
Ohio,Female,1990,2019,0.221470614438588,0.200301842798182,0.00347029972196622
Oklahoma,Male,1990,2019,0.363003359559576,0.336025176450146,0.00266651443334731
Oklahoma,Female,1990,2019,0.224399931759671,0.228547757129119,-0.000631363423502451
Oregon,Male,1990,2019,0.322101404905209,0.242706645380912,0.00980684134111787
Oregon,Female,1990,2019,0.196909127293674,0.154975439135084,0.00829197202651466
Pennsylvania,Male,1990,2019,0.352344824602134,0.26636634249903,0.00969280221922952
Pennsylvania,Female,1990,2019,0.213844683639197,0.169528114362102,0.00804012179826263
Rhode Island,Male,1990,2019,0.331052525076745,0.235885525567556,0.0117558187719797
Rhode Island,Female,1990,2019,0.195888169903675,0.142689508018154,0.0109865669162423
South Carolina,Male,1990,2019,0.411060437864313,0.325149418345895,0.00811743916013796
South Carolina,Female,1990,2019,0.24233017364001,0.20413775835249,0.00593152562847332
South Dakota,Male,1990,2019,0.318334829766167,0.253751283428912,0.0078495844160833
South Dakota,Female,1990,2019,0.180558045445165,0.166686066854264,0.00276035808106112
Tennessee,Male,1990,2019,0.393296341327659,0.34125882053482,0.00490586291210682
Tennessee,Female,1990,2019,0.225271268146317,0.223657989048206,0.000247867326635287
Texas,Male,1990,2019,0.366075185665981,0.267462058282575,0.0108815720669095
Texas,Female,1990,2019,0.213868046099993,0.170765155382256,0.00779122817909927
Utah,Male,1990,2019,0.270800741764169,0.215234677628673,0.00795055372636644
Utah,Female,1990,2019,0.174875452247829,0.14660803351489,0.00609822347590638
Vermont,Male,1990,2019,0.324650596585003,0.232878474649224,0.0115221770653384
Vermont,Female,1990,2019,0.187152250928834,0.145544818083868,0.00870798528876238
Virginia,Male,1990,2019,0.359811675370965,0.253295883952381,0.0121777754483488
Virginia,Female,1990,2019,0.216868239247175,0.165551315160039,0.00935412610170583
Washington,Male,1990,2019,0.306448360748762,0.227816007071429,0.0102769642737366
Washington,Female,1990,2019,0.193125528331141,0.148420351616224,0.00912037120587317
West Virginia,Male,1990,2019,0.391328919807107,0.366595133202339,0.00225392848165185
West Virginia,Female,1990,2019,0.23450941802045,0.246649639041519,-0.0017389385333938
Wisconsin,Male,1990,2019,0.310403067182846,0.238907899524893,0.00906823331731754
Wisconsin,Female,1990,2019,0.186224022142611,0.156063160147992,0.00611134234575594
Wyoming,Male,1990,2019,0.32164727450557,0.265814297994658,0.00659605836210053
Wyoming,Female,1990,2019,0.202612026155234,0.181418923302015,0.00381706301105966
Alabama,Male,2000,2010,0.373724135719389,0.347643720456502,0.00726020407622685
Alabama,Female,2000,2010,0.238363892425699,0.227090500500537,0.0048567406290978
Alaska,Male,2000,2010,0.290858804811083,0.264141948967349,0.00968169714989764
Alaska,Female,2000,2010,0.199383558994869,0.1780982116773,0.0113534924449905
Arizona,Male,2000,2010,0.299649729944648,0.259463051362297,0.0145041710565874
Arizona,Female,2000,2010,0.186630146398892,0.161599749139219,0.0145048122984333
Arkansas,Male,2000,2010,0.355877596053079,0.339094310358435,0.00484254441020005
Arkansas,Female,2000,2010,0.227537907749797,0.220596565219936,0.00310293571519082
California,Male,2000,2010,0.268629544453074,0.226143737056067,0.0173653007847165
California,Female,2000,2010,0.178987970029099,0.145216084728796,0.0211297091960676
Colorado,Male,2000,2010,0.251883602649,0.224632624424626,0.0115158829877906
Colorado,Female,2000,2010,0.176670079668038,0.148455638467947,0.0175520434505114
Connecticut,Male,2000,2010,0.267281230590978,0.218895122761613,0.0201716198065751
Connecticut,Female,2000,2010,0.174423938749303,0.139522523824077,0.0225773680218222
Delaware,Male,2000,2010,0.307909923056728,0.276188003332708,0.0109318686691333
Delaware,Female,2000,2010,0.204146057296446,0.178240739374486,0.0136625511481916
District of Columbia,Male,2000,2010,0.451527185677058,0.327973165267307,0.0324869216733008
District of Columbia,Female,2000,2010,0.277090529989671,0.222499326869688,0.0221845164493171
Florida,Male,2000,2010,0.308557946873287,0.272381900532046,0.0125485335662241
Florida,Female,2000,2010,0.188961361211679,0.167331657798526,0.0122306640846916
Georgia,Male,2000,2010,0.34901813269601,0.296153454552141,0.0165602384171399
Georgia,Female,2000,2010,0.227222439310864,0.196123819797647,0.0148271732250471
Hawaii,Male,2000,2010,0.256050215492303,0.235945991854783,0.00821058838208577
Hawaii,Female,2000,2010,0.159225443520899,0.134987155974581,0.016651257091153
Idaho,Male,2000,2010,0.263693347266032,0.238105667311411,0.0102595023972487
Idaho,Female,2000,2010,0.181924029836096,0.160833564647192,0.012398138626494
Illinois,Male,2000,2010,0.312689623306412,0.259316635420831,0.0188923678715967
Illinois,Female,2000,2010,0.206301261234038,0.169329919838228,0.0199451520372669
Indiana,Male,2000,2010,0.323698666287487,0.292662243878679,0.0101303528863952
Indiana,Female,2000,2010,0.217378081334724,0.195012965802558,0.0109163634039002
Iowa,Male,2000,2010,0.267070168836147,0.245185817549585,0.00858615805294227
Iowa,Female,2000,2010,0.175454646751227,0.161209182057206,0.00850373278961336
Kansas,Male,2000,2010,0.289396934946536,0.269761479347468,0.00705084743027129
Kansas,Female,2000,2010,0.194862807492035,0.176596546465513,0.00989140243856745
Kentucky,Male,2000,2010,0.354352114988341,0.330555349489954,0.00697591680194987
Kentucky,Female,2000,2010,0.230039644277879,0.225588773857555,0.00195570022991309
Louisiana,Male,2000,2010,0.379108835592929,0.340327062830249,0.010850062015169
Louisiana,Female,2000,2010,0.249161485965671,0.222595798247543,0.0113381613309702
Maine,Male,2000,2010,0.283182313089002,0.248618951126514,0.0131020391433383
Maine,Female,2000,2010,0.187230029616832,0.15892464550713,0.0165258461302806
Maryland,Male,2000,2010,0.315569001338352,0.258002665889474,0.0203449378606642
Maryland,Female,2000,2010,0.207994314134963,0.168744587136713,0.0211326465830766
Massachusetts,Male,2000,2010,0.271503540942859,0.224128953368345,0.0193603890574776
Massachusetts,Female,2000,2010,0.176953655022937,0.141665624744325,0.02249102733895
Michigan,Male,2000,2010,0.313840568082072,0.278583487247589,0.0119880194306679
Michigan,Female,2000,2010,0.212004194585952,0.186588861760238,0.0128517290691288
Minnesota,Male,2000,2010,0.247721054330695,0.212853871091098,0.0152853899275678
Minnesota,Female,2000,2010,0.161823177063071,0.139060237820922,0.0152751946334031
Mississippi,Male,2000,2010,0.398624443375693,0.361382727233103,0.00985647278279767
Mississippi,Female,2000,2010,0.256440526142992,0.240152388613028,0.00658388877482863
Missouri,Male,2000,2010,0.32345309804293,0.295070032852566,0.00922644290539543
Missouri,Female,2000,2010,0.21620978428673,0.19579785045339,0.00996597363383223
Montana,Male,2000,2010,0.284784773508799,0.256981626532686,0.0103258599233691
Montana,Female,2000,2010,0.187389948901035,0.172734953047287,0.00817658491336881
Nebraska,Male,2000,2010,0.271218887704109,0.242040696145883,0.0114470538518912
Nebraska,Female,2000,2010,0.179927181916804,0.159582900011287,0.0120711439745334
Nevada,Male,2000,2010,0.328231568587074,0.283582049357516,0.0147292076491283
Nevada,Female,2000,2010,0.213336246432768,0.185665984095981,0.0139889693752664
New Hampshire,Male,2000,2010,0.264595317487193,0.219754054024789,0.0187427378134228
New Hampshire,Female,2000,2010,0.171792747216709,0.143411447355412,0.0182211191373511
New Jersey,Male,2000,2010,0.289842213808086,0.233962927012633,0.0216484000588952
New Jersey,Female,2000,2010,0.190429582413235,0.151770010957107,0.0229510323352309
New Mexico,Male,2000,2010,0.301422396187302,0.283480666000432,0.00615573587699636
New Mexico,Female,2000,2010,0.183479404945171,0.176030633232363,0.00415303948729595
New York,Male,2000,2010,0.287934680619525,0.235633006705526,0.0202480778132559
New York,Female,2000,2010,0.188012738323675,0.151545963245439,0.0217962164588283
North Carolina,Male,2000,2010,0.337937389853997,0.286584592221283,0.0166192777162923
North Carolina,Female,2000,2010,0.214634498870445,0.184699424397345,0.0151340579236217
North Dakota,Male,2000,2010,0.272369645506348,0.244877156515291,0.0106971549571615
North Dakota,Female,2000,2010,0.171516633648468,0.15335943418731,0.0112524217354635
Ohio,Male,2000,2010,0.316585562581838,0.288725562637838,0.00925425003675473
Ohio,Female,2000,2010,0.212478298927436,0.193475314412278,0.00941301942409511
Oklahoma,Male,2000,2010,0.344457520985516,0.337366671789513,0.00208220386761715
Oklahoma,Female,2000,2010,0.232589490926631,0.231955135557442,0.000273145940873354
Oregon,Male,2000,2010,0.275151125252634,0.245880895819753,0.0113108127238364
Oregon,Female,2000,2010,0.189966145030434,0.162623586662606,0.0156621482661596
Pennsylvania,Male,2000,2010,0.308781309265158,0.271854898139066,0.0128179372539692
Pennsylvania,Female,2000,2010,0.201315541046215,0.17395901788514,0.0147125588134578
Rhode Island,Male,2000,2010,0.277280625929465,0.244799666801308,0.0125369259245294
Rhode Island,Female,2000,2010,0.187001260067405,0.155051822772004,0.0189122078884547
South Carolina,Male,2000,2010,0.369336321510756,0.319081822108347,0.0147334938492805
South Carolina,Female,2000,2010,0.230144053755995,0.200873705588081,0.0136958457962797
South Dakota,Male,2000,2010,0.287098905850133,0.24845581771784,0.0145611700478661
South Dakota,Female,2000,2010,0.180583439020957,0.164224307638372,0.00954120120699464
Tennessee,Male,2000,2010,0.358923953089981,0.325308540298871,0.00988215411068238
Tennessee,Female,2000,2010,0.230736694048661,0.213735092596031,0.00768335108000939
Texas,Male,2000,2010,0.309511737661579,0.269889017132414,0.0137927735174392
Texas,Female,2000,2010,0.201663943754414,0.176485474811754,0.0134257355516609
Utah,Male,2000,2010,0.248321412899655,0.224631772301803,0.0100765734532351
Utah,Female,2000,2010,0.168771491101323,0.149094062588382,0.0124739868833592
Vermont,Male,2000,2010,0.263479113368205,0.225222663557468,0.0158121669358395
Vermont,Female,2000,2010,0.177633530228857,0.142693942620597,0.022143664054239
Virginia,Male,2000,2010,0.298939864017152,0.250940556947368,0.0176567029908845
Virginia,Female,2000,2010,0.200197090635229,0.165381855563003,0.0192881849885209
Washington,Male,2000,2010,0.266826513987546,0.229439786451539,0.0152103232167014
Washington,Female,2000,2010,0.180480454303684,0.15248772381705,0.0169966664413952
West Virginia,Male,2000,2010,0.352742574066634,0.343745599636722,0.00258700966156322
West Virginia,Female,2000,2010,0.231647142800219,0.230642441817562,0.000434758205009489
Wisconsin,Male,2000,2010,0.275983386149408,0.235960483607511,0.0157910128792702
Wisconsin,Female,2000,2010,0.180761716598569,0.155517573464405,0.0151557960085993
Wyoming,Male,2000,2010,0.289291666781227,0.262514245006904,0.00976033029367551
Wyoming,Female,2000,2010,0.199770597942085,0.179522926620459,0.0107439838190206
Alabama,Male,2010,2019,0.347643720456502,0.346205878344167,0.000460610641058734
Alabama,Female,2010,2019,0.227090500500537,0.225621181275907,0.000721506249117043
Alaska,Male,2010,2019,0.264141948967349,0.263588233284515,0.000233191742940786
Alaska,Female,2010,2019,0.1780982116773,0.183450826594044,-0.00328476082893936
Arizona,Male,2010,2019,0.259463051362297,0.275340457080995,-0.00657761098478993
Arizona,Female,2010,2019,0.161599749139219,0.168524395123387,-0.0046511413145679
Arkansas,Male,2010,2019,0.339094310358435,0.339627991792501,-0.00017471878783859
Arkansas,Female,2010,2019,0.220596565219936,0.230269296031297,-0.00475686563978828
California,Male,2010,2019,0.226143737056067,0.222946657285302,0.00158328139440966
California,Female,2010,2019,0.145216084728796,0.135516550904603,0.00771058495080434
Colorado,Male,2010,2019,0.224632624424626,0.232123973334303,-0.00363839929659049
Colorado,Female,2010,2019,0.148455638467947,0.145106221715235,0.00253878894469617
Connecticut,Male,2010,2019,0.218895122761613,0.230598595436452,-0.00577059614457409
Connecticut,Female,2010,2019,0.139522523824077,0.136044939744421,0.00280846736298068
Delaware,Male,2010,2019,0.276188003332708,0.277471743405802,-0.000515122514013977
Delaware,Female,2010,2019,0.178240739374486,0.171572396364132,0.0042456307236971
District of Columbia,Male,2010,2019,0.327973165267307,0.342086370670989,-0.00467033315958731
District of Columbia,Female,2010,2019,0.222499326869688,0.219722007857039,0.00139663323070915
Florida,Male,2010,2019,0.272381900532046,0.272622928229042,-9.82726743681273e-05
Florida,Female,2010,2019,0.167331657798526,0.167356798355062,-1.66923705330335e-05
Georgia,Male,2010,2019,0.296153454552141,0.292967061729861,0.00120267398128338
Georgia,Female,2010,2019,0.196123819797647,0.19281754302759,0.00189087707861257
Hawaii,Male,2010,2019,0.235945991854783,0.231178957555819,0.00227044157320444
Hawaii,Female,2010,2019,0.134987155974581,0.13023798709783,0.00398750527014058
Idaho,Male,2010,2019,0.238105667311411,0.225916302889501,0.00585596462182547
Idaho,Female,2010,2019,0.160833564647192,0.150029134122245,0.00775665794366631
Illinois,Male,2010,2019,0.259316635420831,0.259533904327146,-9.30513354391316e-05
Illinois,Female,2010,2019,0.169329919838228,0.164123196359839,0.00347621218626948
Indiana,Male,2010,2019,0.292662243878679,0.301225624936194,-0.00319935729580834
Indiana,Female,2010,2019,0.195012965802558,0.19945735728232,-0.00250069225508809
Iowa,Male,2010,2019,0.245185817549585,0.252797200763497,-0.00339104041671712
Iowa,Female,2010,2019,0.161209182057206,0.161067540837939,9.76718559559941e-05
Kansas,Male,2010,2019,0.269761479347468,0.271049229258272,-0.00052900485242946
Kansas,Female,2010,2019,0.176596546465513,0.181008156716989,-0.00273784111313657
Kentucky,Male,2010,2019,0.330555349489954,0.347575533640315,-0.00556312232989831
Kentucky,Female,2010,2019,0.225588773857555,0.232677643425689,-0.00343190128650139
Louisiana,Male,2010,2019,0.340327062830249,0.344039068400974,-0.00120462020895418
Louisiana,Female,2010,2019,0.222595798247543,0.224400186263217,-0.000896646753188124
Maine,Male,2010,2019,0.248618951126514,0.261585272610792,-0.00563284382612361
Maine,Female,2010,2019,0.15892464550713,0.155858289177808,0.00216711932241798
Maryland,Male,2010,2019,0.258002665889474,0.267499681268741,-0.0040084398984348
Maryland,Female,2010,2019,0.168744587136713,0.166663815491139,0.00137956744628598
Massachusetts,Male,2010,2019,0.224128953368345,0.221689740317173,0.00121659864147228
Massachusetts,Female,2010,2019,0.141665624744325,0.132992045064847,0.00704472152344637
Michigan,Male,2010,2019,0.278583487247589,0.277154608310675,0.000571528359786244
Michigan,Female,2010,2019,0.186588861760238,0.184101471679026,0.00149228057238782
Minnesota,Male,2010,2019,0.212853871091098,0.211013598642726,0.000965276592090003
Minnesota,Female,2010,2019,0.139060237820922,0.137490127735016,0.00126247276363323
Mississippi,Male,2010,2019,0.361382727233103,0.379753976647563,-0.0054944091269199
Mississippi,Female,2010,2019,0.240152388613028,0.245272686979958,-0.00234135754678777
Missouri,Male,2010,2019,0.295070032852566,0.310338819112108,-0.00559008785644599
Missouri,Female,2010,2019,0.19579785045339,0.199419200070803,-0.00203419381264325
Montana,Male,2010,2019,0.256981626532686,0.259118018804551,-0.000919470219545082
Montana,Female,2010,2019,0.172734953047287,0.167547256915082,0.00339384766686512
Nebraska,Male,2010,2019,0.242040696145883,0.240079310356491,0.000904469824091203
Nebraska,Female,2010,2019,0.159582900011287,0.15829874757523,0.000898123221364955
Nevada,Male,2010,2019,0.283582049357516,0.280697633244758,0.00113658378949189
Nevada,Female,2010,2019,0.185665984095981,0.18119023076621,0.00271498969023143
New Hampshire,Male,2010,2019,0.219754054024789,0.230798718344649,-0.00543373874193986
New Hampshire,Female,2010,2019,0.143411447355412,0.139456347364726,0.0031121798011049
New Jersey,Male,2010,2019,0.233962927012633,0.228628933576808,0.00256577033667171
New Jersey,Female,2010,2019,0.151770010957107,0.141533259384041,0.0077892407481317
New Mexico,Male,2010,2019,0.283480666000432,0.311405566393344,-0.0103848359321227
New Mexico,Female,2010,2019,0.176030633232363,0.193873564455726,-0.0106702408323767
New York,Male,2010,2019,0.235633006705526,0.2214481091519,0.00692243297925388
New York,Female,2010,2019,0.151545963245439,0.13746615272938,0.0108934890677832
North Carolina,Male,2010,2019,0.286584592221283,0.291556687670709,-0.00190936399160435
North Carolina,Female,2010,2019,0.184699424397345,0.185545482923585,-0.000507679106755532
North Dakota,Male,2010,2019,0.244877156515291,0.249160935094849,-0.001925070286945
North Dakota,Female,2010,2019,0.15335943418731,0.15741830748526,-0.00289826210349176
Ohio,Male,2010,2019,0.288725562637838,0.30177764846184,-0.00490060334907316
Ohio,Female,2010,2019,0.193475314412278,0.200301842798182,-0.00384542208691463
Oklahoma,Male,2010,2019,0.337366671789513,0.336025176450146,0.000442797855406907
Oklahoma,Female,2010,2019,0.231955135557442,0.228547757129119,0.0016456615614846
Oregon,Male,2010,2019,0.245880895819753,0.242706645380912,0.00144479403792452
Oregon,Female,2010,2019,0.162623586662606,0.154975439135084,0.00536674955459149
Pennsylvania,Male,2010,2019,0.271854898139066,0.26636634249903,0.00226877784770685
Pennsylvania,Female,2010,2019,0.17395901788514,0.169528114362102,0.00287088674369618
Rhode Island,Male,2010,2019,0.244799666801308,0.235885525567556,0.00413001212854858
Rhode Island,Female,2010,2019,0.155051822772004,0.142689508018154,0.00927479171399992
South Carolina,Male,2010,2019,0.319081822108347,0.325149418345895,-0.00209084002036564
South Carolina,Female,2010,2019,0.200873705588081,0.20413775835249,-0.00178936071665514
South Dakota,Male,2010,2019,0.24845581771784,0.253751283428912,-0.00234054047215804
South Dakota,Female,2010,2019,0.164224307638372,0.166686066854264,-0.00165185432536419
Tennessee,Male,2010,2019,0.325308540298871,0.34125882053482,-0.00530444892163495
Tennessee,Female,2010,2019,0.213735092596031,0.223657989048206,-0.00502960754156256
Texas,Male,2010,2019,0.269889017132414,0.267462058282575,0.001004182604885
Texas,Female,2010,2019,0.176485474811754,0.170765155382256,0.00366774589641272
Utah,Male,2010,2019,0.224631772301803,0.215234677628673,0.00475946123829263
Utah,Female,2010,2019,0.149094062588382,0.14660803351489,0.00187005888085912
Vermont,Male,2010,2019,0.225222663557468,0.232878474649224,-0.00370724677449141
Vermont,Female,2010,2019,0.142693942620597,0.145544818083868,-0.00219558528165464
Virginia,Male,2010,2019,0.250940556947368,0.253295883952381,-0.00103748599527764
Virginia,Female,2010,2019,0.165381855563003,0.165551315160039,-0.000113785961499135
Washington,Male,2010,2019,0.229439786451539,0.227816007071429,0.000789457016879824
Washington,Female,2010,2019,0.15248772381705,0.148420351616224,0.00300847547799887
West Virginia,Male,2010,2019,0.343745599636722,0.366595133202339,-0.00712518486421987
West Virginia,Female,2010,2019,0.230642441817562,0.246649639041519,-0.00742785652699707
Wisconsin,Male,2010,2019,0.235960483607511,0.238907899524893,-0.00137835712104595
Wisconsin,Female,2010,2019,0.155517573464405,0.156063160147992,-0.000389042102104664
Wyoming,Male,2010,2019,0.262514245006904,0.265814297994658,-0.00138710262539443
Wyoming,Female,2010,2019,0.179522926620459,0.181418923302015,-0.00116664401397526
Alabama,Male,2019,2023,0.346205878344167,0.370628518310752,-0.016897272376761
Alabama,Female,2019,2023,0.225621181275907,0.241474665721287,-0.0168334963091175
Alaska,Male,2019,2023,0.263588233284515,0.320817991676777,-0.0479345045099584
Alaska,Female,2019,2023,0.183450826594044,0.213074006336753,-0.0367316293064353
Arizona,Male,2019,2023,0.275340457080995,0.295224532879157,-0.0172809017975089
Arizona,Female,2019,2023,0.168524395123387,0.179039676875941,-0.0150178212146083
Arkansas,Male,2019,2023,0.339627991792501,0.362043948522874,-0.0158517011781308
Arkansas,Female,2019,2023,0.230269296031297,0.245535667768581,-0.0159201005979021
California,Male,2019,2023,0.222946657285302,0.238690725572559,-0.0169143537448754
California,Female,2019,2023,0.135516550904603,0.139352773498527,-0.00695442455762108
Colorado,Male,2019,2023,0.232123973334303,0.248805095468146,-0.0171999240121986
Colorado,Female,2019,2023,0.145106221715235,0.151494194740881,-0.0107125247755785
Connecticut,Male,2019,2023,0.230598595436452,0.231232532209409,-0.000686094589416153
Connecticut,Female,2019,2023,0.136044939744421,0.137347287126487,-0.00237901324172285
Delaware,Male,2019,2023,0.277471743405802,0.294925129598663,-0.0151349043590931
Delaware,Female,2019,2023,0.171572396364132,0.1828392460902,-0.0157747584298146
District of Columbia,Male,2019,2023,0.342086370670989,0.335961667773268,0.00452676035233646
District of Columbia,Female,2019,2023,0.219722007857039,0.215532760989445,0.00482415533482095
Florida,Male,2019,2023,0.272622928229042,0.27681968421999,-0.00381189361188761
Florida,Female,2019,2023,0.167356798355062,0.170953981642965,-0.00530248112315912
Georgia,Male,2019,2023,0.292967061729861,0.306267008875945,-0.0110379087986553
Georgia,Female,2019,2023,0.19281754302759,0.200923779309202,-0.0102424996206536
Hawaii,Male,2019,2023,0.231178957555819,0.256446912200783,-0.0255990320504964
Hawaii,Female,2019,2023,0.13023798709783,0.141997697875705,-0.0213799869393898
Idaho,Male,2019,2023,0.225916302889501,0.24210777143143,-0.0171557289476121
Idaho,Female,2019,2023,0.150029134122245,0.159974377045635,-0.0159179871951793
Illinois,Male,2019,2023,0.259533904327146,0.269570356468104,-0.00944067254292924
Illinois,Female,2019,2023,0.164123196359839,0.164409317940464,-0.000435359291898862
Indiana,Male,2019,2023,0.301225624936194,0.312106355411251,-0.00883187879017489
Indiana,Female,2019,2023,0.19945735728232,0.205906030659394,-0.00792330317291823
Iowa,Male,2019,2023,0.252797200763497,0.260936897962998,-0.00789145233899558
Iowa,Female,2019,2023,0.161067540837939,0.170697586947522,-0.0144125572881959
Kansas,Male,2019,2023,0.271049229258272,0.282714073117881,-0.0104786084223684
Kansas,Female,2019,2023,0.181008156716989,0.190104037553236,-0.012182533043156
Kentucky,Male,2019,2023,0.347575533640315,0.364150614108802,-0.0115788315145208
Kentucky,Female,2019,2023,0.232677643425689,0.248746069408967,-0.0165560625495963
Louisiana,Male,2019,2023,0.344039068400974,0.371325210776308,-0.0188998735458791
Louisiana,Female,2019,2023,0.224400186263217,0.232209762089652,-0.00851605778815634
Maine,Male,2019,2023,0.261585272610792,0.28383878347565,-0.0202046181322354
Maine,Female,2019,2023,0.155858289177808,0.180009790031884,-0.0353751519198223
Maryland,Male,2019,2023,0.267499681268741,0.268649332186699,-0.00107156460004743
Maryland,Female,2019,2023,0.166663815491139,0.165310612544032,0.002040202905081
Massachusetts,Male,2019,2023,0.221689740317173,0.219725556314458,0.00222736237243648
Massachusetts,Female,2019,2023,0.132992045064847,0.134617481067965,-0.00303238502771597
Michigan,Male,2019,2023,0.277154608310675,0.284757802593684,-0.00674303807184928
Michigan,Female,2019,2023,0.184101471679026,0.186272806929124,-0.00292701315848853
Minnesota,Male,2019,2023,0.211013598642726,0.223096262642284,-0.0138237544728509
Minnesota,Female,2019,2023,0.137490127735016,0.145161503281336,-0.0134819981850618
Mississippi,Male,2019,2023,0.379753976647563,0.390719348035948,-0.0070912151185446
Mississippi,Female,2019,2023,0.245272686979958,0.26178089155603,-0.0161524429245906
Missouri,Male,2019,2023,0.310338819112108,0.322786516052096,-0.00978345212569476
Missouri,Female,2019,2023,0.199419200070803,0.206107925688865,-0.00821378118462612
Montana,Male,2019,2023,0.259118018804551,0.264628233043354,-0.0052467668481988
Montana,Female,2019,2023,0.167547256915082,0.182110847637796,-0.0206219269213189
Nebraska,Male,2019,2023,0.240079310356491,0.250964778149545,-0.0110245974046571
Nebraska,Female,2019,2023,0.15829874757523,0.165339397697381,-0.0108201024484703
Nevada,Male,2019,2023,0.280697633244758,0.299111390708512,-0.015759005807361
Nevada,Female,2019,2023,0.18119023076621,0.183605786423849,-0.00330540410842717
New Hampshire,Male,2019,2023,0.230798718344649,0.243298969977445,-0.0130997008447539
New Hampshire,Female,2019,2023,0.139456347364726,0.152346886944815,-0.0218596483198531
New Jersey,Male,2019,2023,0.228628933576808,0.218710624646207,0.0111493974986703
New Jersey,Female,2019,2023,0.141533259384041,0.135693042508962,0.0105905479543096
New Mexico,Male,2019,2023,0.311405566393344,0.360748370033672,-0.0361032888172282
New Mexico,Female,2019,2023,0.193873564455726,0.212224052736832,-0.0223554179511158
New York,Male,2019,2023,0.2214481091519,0.230046741378726,-0.00947834952400683
New York,Female,2019,2023,0.13746615272938,0.139850377454542,-0.00428962162838698
North Carolina,Male,2019,2023,0.291556687670709,0.316235351460362,-0.0201081454773563
North Carolina,Female,2019,2023,0.185545482923585,0.202540851963993,-0.0216721012408916
North Dakota,Male,2019,2023,0.249160935094849,0.265532559662506,-0.0157837243609419
North Dakota,Female,2019,2023,0.15741830748526,0.171861461567448,-0.0217064629002248
Ohio,Male,2019,2023,0.30177764846184,0.310461184230179,-0.00706701045605229
Ohio,Female,2019,2023,0.200301842798182,0.201613805452331,-0.00163081139428201
Oklahoma,Male,2019,2023,0.336025176450146,0.356175193095022,-0.0144536874615299
Oklahoma,Female,2019,2023,0.228547757129119,0.24432823710938,-0.0165533041250817
Oregon,Male,2019,2023,0.242706645380912,0.279396695163327,-0.0345826472586961
Oregon,Female,2019,2023,0.154975439135084,0.170897121805887,-0.0241523249101271
Pennsylvania,Male,2019,2023,0.26636634249903,0.272611575908322,-0.00577709664280279
Pennsylvania,Female,2019,2023,0.169528114362102,0.174052457981033,-0.00656285898107312
Rhode Island,Male,2019,2023,0.235885525567556,0.240101661120945,-0.00441915553607875
Rhode Island,Female,2019,2023,0.142689508018154,0.151585572877546,-0.0150060958246758
South Carolina,Male,2019,2023,0.325149418345895,0.341329483354953,-0.0120674502514249
South Carolina,Female,2019,2023,0.20413775835249,0.213352996480497,-0.0109775526644414
South Dakota,Male,2019,2023,0.253751283428912,0.256363691863319,-0.00255735424153059
South Dakota,Female,2019,2023,0.166686066854264,0.18748519907512,-0.0289690384819339
Tennessee,Male,2019,2023,0.34125882053482,0.360973105038766,-0.0139424560697536
Tennessee,Female,2019,2023,0.223657989048206,0.236686280468473,-0.0140546734622685
Texas,Male,2019,2023,0.267462058282575,0.27780658562632,-0.00944199634104881
Texas,Female,2019,2023,0.170765155382256,0.178320198759344,-0.0107645311326751
Utah,Male,2019,2023,0.215234677628673,0.223574729708544,-0.00945916856992068
Utah,Female,2019,2023,0.14660803351489,0.146917054739723,-0.000526258285427961
Vermont,Male,2019,2023,0.232878474649224,0.261068540810076,-0.0281623915357061
Vermont,Female,2019,2023,0.145544818083868,0.156146025761993,-0.0174233187261258
Virginia,Male,2019,2023,0.253295883952381,0.266897425567473,-0.0129913995668437
Virginia,Female,2019,2023,0.165551315160039,0.174730580732716,-0.0134004143886731
Washington,Male,2019,2023,0.227816007071429,0.258231191778827,-0.0308435643285092
Washington,Female,2019,2023,0.148420351616224,0.16107220476445,-0.0202433651192478
West Virginia,Male,2019,2023,0.366595133202339,0.387555505623687,-0.0138040922942396
West Virginia,Female,2019,2023,0.246649639041519,0.271429468053639,-0.02364923210827
Wisconsin,Male,2019,2023,0.238907899524893,0.251208726926482,-0.0124730720105328
Wisconsin,Female,2019,2023,0.156063160147992,0.162692777753704,-0.0103468059898106
Wyoming,Male,2019,2023,0.265814297994658,0.279948137005386,-0.0128680948482539
Wyoming,Female,2019,2023,0.181418923302015,0.192211624168779,-0.014343173374315
